<?xml version="1.0"?>
<library path="moveit_ros_move_group">
  <class name="move_group/MoveGroupCartesianPathService"
         type="move_group::MoveGroupCartesianPathService"
         base_class_type="move_group::MoveGroupCapability">
    <description>Service for computing Cartesian paths</description>
  </class>

  <class name="move_group/MoveGroupExecuteTrajectoryAction"
         type="move_group::MoveGroupExecuteTrajectoryAction"
         base_class_type="move_group::MoveGroupCapability">
    <description>Action interface for executing planned trajectories</description>
  </class>

  <class name="move_group/MoveGroupKinematicsService"
         type="move_group::MoveGroupKinematicsService"
         base_class_type="move_group::MoveGroupCapability">
    <description>Service for kinematics operations</description>
  </class>

  <class name="move_group/MoveGroupMoveAction"
         type="move_group::MoveGroupMoveAction"
         base_class_type="move_group::MoveGroupCapability">
    <description>Action for planning and moving the robot</description>
  </class>

  <class name="move_group/MoveGroupPlanService"
         type="move_group::MoveGroupPlanService"
         base_class_type="move_group::MoveGroupCapability">
    <description>Service for motion planning</description>
  </class>

  <class name="move_group/MoveGroupQueryPlannersService"
         type="move_group::MoveGroupQueryPlannersService"
         base_class_type="move_group::MoveGroupCapability">
    <description>Service to query available planners</description>
  </class>

  <class name="move_group/MoveGroupStateValidationService"
         type="move_group::MoveGroupStateValidationService"
         base_class_type="move_group::MoveGroupCapability">
    <description>Service to check robot states for collisions and feasibility</description>
  </class>

  <class name="move_group/MoveGroupGetPlanningSceneService"
         type="move_group::MoveGroupGetPlanningSceneService"
         base_class_type="move_group::MoveGroupCapability">
    <description>Service to get the current planning scene</description>
  </class>

  <class name="move_group/ClearOctomapService"
         type="move_group::ClearOctomapService"
         base_class_type="move_group::MoveGroupCapability">
    <description>Service to clear the octomap</description>
  </class>
</library>
