Link Name,Center of Mass X,Center of Mass Y,Center of Mass Z,Center of Mass Roll,Center of Mass Pitch,Center of Mass Yaw,Mass,Moment Ixx,Moment Ixy,Moment Ixz,Moment Iyy,Moment Iyz,Moment Izz,Visual X,Visual Y,Visual Z,Visual Roll,Visual Pitch,Visual Yaw,Mesh Filename,Color Red,Color Green,Color Blue,Color Alpha,Collision X,Collision Y,Collision Z,Collision Roll,Collision Pitch,Collision Yaw,Collision Mesh Filename,Material Name,SW Components,Coordinate System,Axis Name,Joint Name,Joint Type,Joint Origin X,Joint Origin Y,Joint Origin Z,Joint Origin Roll,Joint Origin Pitch,Joint Origin Yaw,Parent,Joint Axis X,Joint Axis Y,Joint Axis Z,Limit Effort,Limit Velocity,Limit Lower,Limit Upper,Calibration rising,Calibration falling,Dynamics Damping,Dynamics Friction,Safety Soft Upper,Safety Soft Lower,Safety K Position,Safety K Velocity
base_link,-0.035398,-0.0004353,0.027453,0,0,0,0.39671,0.00092742,-4.6465E-07,3.0759E-08,0.00057216,1.5079E-07,0.00037377,0,0,0,0,0,0,package://arm_description2/meshes/base_link.STL,0.79216,0.81961,0.93333,1,0,0,0,0,0,0,package://arm_description2/meshes/base_link.STL,,Ground-2;Ground weight-1;DS3225MG 25KG-1;Base2-2;p  BEARING 80mm ID × 100mm OD × 10mm W-1;outer ring-2;pan slot head_am-5;pan slot head_am-6;pan slot head_am-8;outer ring-1;pan slot head_am-7,Origin_global,,,,0,0,0,0,0,0,,0,0,0,,,,,,,,,,,,
rotating_base_link,0.000158275887253499,0.027492254844178,-0.00611871263232042,0,0,0,0.0561612792514196,9.9128401791064E-06,2.12663345089064E-11,3.39707661438049E-08,1.76973775421821E-05,4.60310716010097E-07,1.32217491388007E-05,0,0,0,0,0,0,package://arm_description2/meshes/rotating_base_link.STL,0.792156862745098,0.819607843137255,0.933333333333333,1,0,0,0,0,0,0,package://arm_description2/meshes/rotating_base_link.STL,,Base2-1;DS3225MG 25KG-2;pan slot head_am-11;pan slot head_am-12;pan slot head_am-9;pan slot head_am-10,Origin_rotating_base_joint,Axis_rotating_base_joint,rotating_base_joint,revolute,-0.0466999999999999,0,0,0,-1.52754450035515,1.5707963267949,base_link,0,1,0,0,0,-1.57,1.57,,,,,,,,
shoulder_link,0.05,0.00141746277739371,-0.00395375026056261,0,0,0,0.0422835365975949,2.5539223828081E-05,5.2304284492953E-20,5.09708693455176E-21,3.9772332084034E-05,-6.979081923206E-08,5.89921114741114E-05,0,0,0,0,0,0,package://arm_description2/meshes/shoulder_link.STL,0.650980392156863,0.619607843137255,0.588235294117647,1,0,0,0,0,0,0,package://arm_description2/meshes/shoulder_link.STL,,Link 1-1,Origin_shoulder_joint,Axis_shoulder_joint,shoulder_joint,revolute,-0.00949999999999954,0.0308700000000001,0,-1.5707963267949,0,1.24435286517922,rotating_base_link,0,1,0,0,0,-1.57,1.57,,,,,,,,
elbow_link,-0.0450025328071686,-0.0042809747594438,-0.00130547754639812,0,0,0,0.13493321141733,3.06279251143249E-05,1.20337731418417E-09,-1.91215180545226E-09,8.18401391205364E-05,1.06896103680731E-06,0.000101277084508677,0,0,0,0,0,0,package://arm_description2/meshes/elbow_link.STL,0.650980392156863,0.619607843137255,0.588235294117647,1,0,0,0,0,0,0,package://arm_description2/meshes/elbow_link.STL,,Link2 edit-1;Link2 Cover-1;DS3225MG 25KG-3;DS3225MG 25KG-4,Origin_elbow_joint,Axis_elbow_joint,elbow_joint,revolute,0.1,0,0,0,1.26283795192838,3.14159265358978,shoulder_link,0,1,0,0,0,-1.57,1.57,,,,,,,,
forearm_link,0.0010832320248741,-0.047774444639081,-0.000231064174041173,0,0,0,0.0447180559582269,1.67225851396217E-05,-1.16841164754521E-07,-2.11846893656155E-11,1.4108277215624E-05,-3.39709530009559E-08,1.67748719855516E-05,0,0,0,0,0,0,package://arm_description2/meshes/forearm_link.STL,0.250980392156863,0.250980392156863,0.250980392156863,1,0,0,0,0,0,0,package://arm_description2/meshes/forearm_link.STL,,Link 3-2;DS3225MG 25KG-5,Origin_forearm_joint,Axis_forearm_joint,forearm_joint,revolute,-0.0899999999999956,0,0,-0.814121493726002,0,-1.57079632679489,elbow_link,1,0,0,0,0,-1.57,1.57,,,,,,,,
wrist_link,0.0190989125713327,0.00061469939040844,0.00252312799008259,0,0,0,0.0529522848326195,1.10404885697885E-05,-1.53962728731698E-07,-9.76735867241465E-07,1.00687044394914E-05,-3.98653063319089E-07,1.82604593599498E-05,0,0,0,0,0,0,package://arm_description2/meshes/wrist_link.STL,0.792156862745098,0.819607843137255,0.933333333333333,1,0,0,0,0,0,0,package://arm_description2/meshes/wrist_link.STL,,"grbk-1/grbk.STEP-1/g1k.STEP-1;grbk-1/grbk.STEP-1/TOWER PRO MG-995, ANALOG SERVO.STEP-1/TOWER PRO MG-995, ANALOG SERVO, BODY, BOTTOM.STEP-1;grbk-1/grbk.STEP-1/TOWER PRO MG-995, ANALOG SERVO.STEP-1/pan cross head_am_B18.6.7M - M2 x 0.4 x 10 Type I Cross Recessed PHMS --10N.STEP-4;grbk-1/grbk.STEP-1/TOWER PRO MG-995, ANALOG SERVO.STEP-1/pan cross head_am_B18.6.7M - M2 x 0.4 x 10 Type I Cross Recessed PHMS --10N.STEP-3;grbk-1/grbk.STEP-1/TOWER PRO MG-995, ANALOG SERVO.STEP-1/pan cross head_am_B18.6.7M - M2 x 0.4 x 10 Type I Cross Recessed PHMS --10N.STEP-1;grbk-1/grbk.STEP-1/TOWER PRO MG-995, ANALOG SERVO.STEP-1/TOWER PRO MG-995, ANALOG SERVO, BODY, MIDDLE.STEP-1;grbk-1/grbk.STEP-1/TOWER PRO MG-995, ANALOG SERVO.STEP-1/TOWER PRO MG-995, ANALOG SERVO, BODY, TOP.STEP-1;grbk-1/grbk.STEP-1/TOWER PRO MG-995, ANALOG SERVO.STEP-1/pan cross head_am_B18.6.7M - M2 x 0.4 x 10 Type I Cross Recessed PHMS --10N.STEP-2;grbk-1/grbk.STEP-1/dd3y.STEP-1",Origin_gripper_joint2,Axis_gripper_joint2,wrist_joint,revolute,0.00099999999999714,-0.0795710619584145,-0.0097500000000017,-3.1124530411889,0,-1.5707963267949,forearm_link,1,0,0,0,0,-1.57,1.57,,,,,,,,
gripper_left_link,0.0484172860271485,-0.0241584658945902,0.0142380102355266,0,0,0,0.0163529802377136,2.95937890453479E-06,1.60740985116118E-06,4.04413653565078E-09,2.27972601870315E-06,1.56748388623883E-12,4.68843868201044E-06,0,0,0,0,0,0,package://arm_description2/meshes/gripper_left_link.STL,0.792156862745098,0.819607843137255,0.933333333333333,1,0,0,0,0,0,0,package://arm_description2/meshes/gripper_left_link.STL,,grbk-1/grbk.STEP-1/dd1k.STEP-1;grbk-1/grbk.STEP-1/cenek.STEP-1;grbk-1/grbk.STEP-1/ek.STEP-4;grbk-1/grbk.STEP-1/ek2.STEP-2;grbk-1/grbk.STEP-1/ek.STEP-1,Origin_gripper_joint3,Axis_gripper_joint3,gripper_left_joint,revolute,0.031104,0,0,0.023878,-0.042377,1.0575,wrist_link,0,0,1,0,0,-1.57,1.57,,,,,,,,
gripper_right_link,-0.0375860640609017,-0.0369591692006576,-0.0142262545696464,0,0,0,0.016328263992727,1.31332905769687E-06,-9.9717065345883E-07,1.4036038701819E-09,3.92463290581539E-06,3.79932405367648E-09,4.68749882724247E-06,0,0,0,0,0,0,package://arm_description2/meshes/gripper_right_link.STL,0.792156862745098,0.819607843137255,0.933333333333333,1,0,0,0,0,0,0,package://arm_description2/meshes/gripper_right_link.STL,,grbk-1/grbk.STEP-1/cenek.STEP-2;grbk-1/grbk.STEP-1/dd2k.STEP-1;grbk-1/grbk.STEP-1/ek.STEP-3;grbk-1/grbk.STEP-1/ek.STEP-2;grbk-1/grbk.STEP-1/ek2.STEP-1,Origin_gripper_right_joint,Axis_gripper_right_joint,gripper_right_joint,revolute,0.033035,0,0,3.0936,0.0076308,-2.9842,wrist_link,0,0,1,0,0,-1.57,1.57,,,,,,,,
